<?xml version="1.0"?>
<doc>
    <assembly>
        <name>Jellyfin.Plugin.Template</name>
    </assembly>
    <members>
        <member name="T:Jellyfin.Plugin.CollectionShuffle.Configuration.PluginConfiguration">
            <summary>
            Plugin configuration for collection shuffle.
            </summary>
        </member>
        <member name="M:Jellyfin.Plugin.CollectionShuffle.Configuration.PluginConfiguration.#ctor">
            <summary>
            Initializes a new instance of the <see cref="T:Jellyfin.Plugin.CollectionShuffle.Configuration.PluginConfiguration"/> class.
            </summary>
        </member>
        <member name="P:Jellyfin.Plugin.CollectionShuffle.Configuration.PluginConfiguration.EnableCollectionShuffle">
            <summary>
            Gets or sets a value indicating whether collection shuffle is enabled.
            </summary>
        </member>
        <member name="P:Jellyfin.Plugin.CollectionShuffle.Configuration.PluginConfiguration.PreventBackToBackShows">
            <summary>
            Gets or sets a value indicating whether to prevent back-to-back shows from the same series.
            </summary>
        </member>
        <member name="P:Jellyfin.Plugin.CollectionShuffle.Configuration.PluginConfiguration.ShuffleShowsFirst">
            <summary>
            Gets or sets a value indicating whether to shuffle shows first.
            </summary>
        </member>
        <member name="P:Jellyfin.Plugin.CollectionShuffle.Configuration.PluginConfiguration.ShuffleEpisodesSecond">
            <summary>
            Gets or sets a value indicating whether to shuffle episodes second.
            </summary>
        </member>
        <member name="P:Jellyfin.Plugin.CollectionShuffle.Configuration.PluginConfiguration.MaxConsecutiveShowsFromSameSeries">
            <summary>
            Gets or sets the maximum number of consecutive episodes from the same series.
            </summary>
        </member>
        <member name="T:Jellyfin.Plugin.CollectionShuffle.Plugin">
            <summary>
            The main plugin for collection shuffle functionality.
            </summary>
        </member>
        <member name="M:Jellyfin.Plugin.CollectionShuffle.Plugin.#ctor">
            <summary>
            Initializes a new instance of the <see cref="T:Jellyfin.Plugin.CollectionShuffle.Plugin"/> class.
            </summary>
        </member>
        <member name="P:Jellyfin.Plugin.CollectionShuffle.Plugin.Name">
            <summary>
            Gets the plugin name.
            </summary>
        </member>
        <member name="P:Jellyfin.Plugin.CollectionShuffle.Plugin.Description">
            <summary>
            Gets the plugin description.
            </summary>
        </member>
        <member name="P:Jellyfin.Plugin.CollectionShuffle.Plugin.Id">
            <summary>
            Gets the plugin ID.
            </summary>
        </member>
        <member name="P:Jellyfin.Plugin.CollectionShuffle.Plugin.Version">
            <summary>
            Gets the plugin version.
            </summary>
        </member>
        <member name="P:Jellyfin.Plugin.CollectionShuffle.Plugin.AssemblyFilePath">
            <summary>
            Gets the assembly file path.
            </summary>
        </member>
        <member name="P:Jellyfin.Plugin.CollectionShuffle.Plugin.DataFolderPath">
            <summary>
            Gets the data folder path.
            </summary>
        </member>
        <member name="P:Jellyfin.Plugin.CollectionShuffle.Plugin.CanUninstall">
            <summary>
            Gets a value indicating whether the plugin can be uninstalled.
            </summary>
        </member>
        <member name="P:Jellyfin.Plugin.CollectionShuffle.Plugin.Instance">
            <summary>
            Gets the current plugin instance.
            </summary>
        </member>
        <member name="P:Jellyfin.Plugin.CollectionShuffle.Plugin.Configuration">
            <summary>
            Gets the plugin configuration.
            </summary>
        </member>
        <member name="M:Jellyfin.Plugin.CollectionShuffle.Plugin.GetPages">
            <summary>
            Gets the plugin pages.
            </summary>
            <returns>A collection of plugin page information.</returns>
        </member>
        <member name="M:Jellyfin.Plugin.CollectionShuffle.Plugin.GetPluginInfo">
            <summary>
            Gets plugin information.
            </summary>
            <returns>Plugin information.</returns>
        </member>
        <member name="M:Jellyfin.Plugin.CollectionShuffle.Plugin.OnUninstalling">
            <summary>
            Called when the plugin is being uninstalled.
            </summary>
        </member>
        <member name="T:Jellyfin.Plugin.CollectionShuffle.Services.CollectionShuffleService">
            <summary>
            Service for handling collection shuffle functionality.
            </summary>
        </member>
        <member name="M:Jellyfin.Plugin.CollectionShuffle.Services.CollectionShuffleService.#ctor(Microsoft.Extensions.Logging.ILogger{Jellyfin.Plugin.CollectionShuffle.Services.CollectionShuffleService},Jellyfin.Plugin.CollectionShuffle.Configuration.PluginConfiguration)">
            <summary>
            Initializes a new instance of the <see cref="T:Jellyfin.Plugin.CollectionShuffle.Services.CollectionShuffleService"/> class.
            </summary>
            <param name="logger">The logger.</param>
            <param name="configuration">The plugin configuration.</param>
        </member>
        <member name="M:Jellyfin.Plugin.CollectionShuffle.Services.CollectionShuffleService.ShuffleItems(System.Collections.Generic.ICollection{System.Object})">
            <summary>
            Shuffles a collection of items with the configured algorithm.
            </summary>
            <param name="items">The items to shuffle.</param>
            <returns>A shuffled collection of items.</returns>
        </member>
        <member name="T:Jellyfin.Plugin.CollectionShuffle.Services.ServiceRegistration">
            <summary>
            Service registration for the collection shuffle plugin.
            </summary>
        </member>
        <member name="M:Jellyfin.Plugin.CollectionShuffle.Services.ServiceRegistration.AddCollectionShuffleServices(Microsoft.Extensions.DependencyInjection.IServiceCollection)">
            <summary>
            Registers the collection shuffle services with the DI container.
            </summary>
            <param name="services">The service collection.</param>
        </member>
    </members>
</doc>
